username,password
user1,password1
john_doe,secure123
alice_smith,pass456
coding_ninja,awesome789
web_master,admin2023
sunny_day,sunshine!
tech_geek,code4life
coffee_lover,javaBean
bookworm123,readingTime
gaming_pro,levelUp2023
music_maestro,notes123
travel_bug,exploreNow
artistic_soul,paintMe123
sky_watcher,starsGaze
foodie_fiesta,tastyMeal
nature_lover,greenEarth
science_guru,labRat2023
movie_buff,cinephile
sports_fanatic,goal123
party_animal,danceParty
happy_camper,campFire1
code_wizard,pythonRocks
dream_chaser,dreamBig!
ocean_adventurer,diveIn45
sunset_chaser,colorsSky
mindful_being,meditateNow
adrenaline_junkie,thrillSeeker
jorgeGonzalez,Asdf1234
puzzle_master,brainTease
night_owl,nocturnal456
early_bird,riseShine
star_gazer,galaxyQuest
social_butterfly,chatTime!
sailing_spirit,windSail99
moon_walker,lunarExplorer
treasure_hunter,xChestGold
meme_master,laughOutLoud
riddle_solver,whoAmI?
code_breaker,hackMeNot
spell_caster,magicWord
journey_maker,destinyCalls
time_traveler,past2future
film_director,scene2023
coffee_artist,latteArt!
bookish_adventurer,plotTwist
podcast_addict,listenUp!
songbird_singer,melodyVoice
pizza_lover,cheesyBites
sunflower_soul,brightDay
whimsical_writer,fantasy123